{
 "baseline_dk4": 3.3379219206314745e-10,
 "dk4_se": 1.9226248758249785e-11,
 "window_mrad": 37.839999999999996,
 "struct": "data/runs_m2/m2_rectilinear_tilt0.root",
 "control": "data/runs_m2/m2_solid_t3.root",
 "divergence": [
  {
   "sigma_mrad": 1.0,
   "dk4": 3.3680912155037615e-10,
   "frac_shift": 0.009038346489117253,
   "n_sigma": 0.1569172190146644
  },
  {
   "sigma_mrad": 2.0,
   "dk4": 3.2737386816720036e-10,
   "frac_shift": -0.01922850218956848,
   "n_sigma": -0.33383131450398285
  },
  {
   "sigma_mrad": 3.0,
   "dk4": 3.382768189695907e-10,
   "frac_shift": 0.013435385887021768,
   "n_sigma": 0.2332554292224563
  }
 ],
 "momentum": [
  {
   "sigma_p": 0.02,
   "dk4": 3.335466101400379e-10,
   "frac_shift": -0.000735732976830958,
   "n_sigma": -0.012773262543176744,
   "k4_struct_raw_shift": 0.0016070550480387549
  },
  {
   "sigma_p": 0.05,
   "dk4": 3.428335452208555e-10,
   "frac_shift": 0.02708677246709705,
   "n_sigma": 0.4702609058789215,
   "k4_struct_raw_shift": 0.005665856474836621
  }
 ]
}