{
 "a_eff_carbon": 4.818776481612228e-06,
 "rows": [
  {
   "topo": "gyroid",
   "f": 0.05,
   "f_built": 0.04978125,
   "N_eff": 9.79432847826258,
   "k2": 2.396516355792244e-06,
   "dk4": 3.270673114708997e-11,
   "C": 0.09925512231185614,
   "C_theory": 0.10209990426800454,
   "width_ratio": 0.9946576127517068,
   "k_prefactor": 0.9721372710724482
  },
  {
   "topo": "gyroid",
   "f": 0.3,
   "f_built": 0.29928125,
   "N_eff": 4.337559495866863,
   "k2": 1.4543907590085464e-05,
   "dk4": 3.743923612071247e-10,
   "C": 0.2562765758043436,
   "C_theory": 0.23054438814104372,
   "width_ratio": 1.0060581176973702,
   "k_prefactor": 1.1116148949483744
  },
  {
   "topo": "voronoi",
   "f": 0.05,
   "f_built": 0.050000508626302086,
   "N_eff": 46.341867386740724,
   "k2": 2.2638843700248302e-06,
   "dk4": 2.220747722545462e-12,
   "C": 0.006711299367250321,
   "C_theory": 0.02157875926005776,
   "width_ratio": 0.9396096202691675,
   "k_prefactor": 0.3110141452698313
  },
  {
   "topo": "voronoi",
   "f": 0.3,
   "f_built": 0.30000050862630206,
   "N_eff": 13.535744106752485,
   "k2": 1.5634081550103367e-05,
   "dk4": 7.138373293615419e-11,
   "C": 0.04879605597666931,
   "C_theory": 0.07387846520392896,
   "width_ratio": 1.0814696503535575,
   "k_prefactor": 0.6604909271189661
  }
 ]
}