{"bins": [-6.0, -5.9, -5.8, -5.7, -5.6, -5.5, -5.4, -5.3, -5.2, -5.1, -5.0, -4.9, -4.8, -4.7, -4.6, -4.5, -4.4, -4.3, -4.2, -4.1, -4.0, -3.9, -3.8, -3.6999999999999997, -3.5999999999999996, -3.5, -3.4, -3.3, -3.1999999999999997, -3.0999999999999996, -3.0, -2.9, -2.8, -2.6999999999999997, -2.5999999999999996, -2.5, -2.4, -2.3, -2.1999999999999997, -2.0999999999999996, -2.0, -1.8999999999999995, -1.7999999999999998, -1.7000000000000002, -1.5999999999999996, -1.5, -1.3999999999999995, -1.2999999999999998, -1.1999999999999993, -1.0999999999999996, -1.0, -0.8999999999999995, -0.7999999999999998, -0.6999999999999993, -0.5999999999999996, -0.5, -0.39999999999999947, -0.2999999999999998, -0.1999999999999993, -0.09999999999999964, 0.0, 0.10000000000000053, 0.20000000000000018, 0.3000000000000007, 0.40000000000000036, 0.5, 0.6000000000000005, 0.7000000000000002, 0.8000000000000007, 0.9000000000000004, 1.0, 1.1000000000000005, 1.2000000000000002, 1.3000000000000007, 1.4000000000000004, 1.5, 1.6000000000000005, 1.7000000000000002, 1.8000000000000007, 1.9000000000000004, 2.0, 2.0999999999999996, 2.200000000000001, 2.3000000000000007, 2.4000000000000004, 2.5, 2.5999999999999996, 2.700000000000001, 2.8000000000000007, 2.9000000000000004, 3.0, 3.0999999999999996, 3.200000000000001, 3.3000000000000007, 3.4000000000000004, 3.5, 3.6000000000000014, 3.700000000000001, 3.8000000000000007, 3.9000000000000004, 4.0, 4.100000000000001, 4.200000000000001, 4.300000000000001, 4.4, 4.5, 4.600000000000001, 4.700000000000001, 4.800000000000001, 4.9, 5.0, 5.100000000000001, 5.200000000000001, 5.300000000000001, 5.4, 5.5, 5.600000000000001, 5.700000000000001, 5.800000000000001, 5.9, 6.0], "sig_rect": 0.0034013290368074727, "sig_slab": 0.0034088896888471243, "n_rect": 9962556, "n_slab": 9962116, "counts_rect": [507, 527, 566, 643, 641, 749, 764, 851, 873, 989, 1059, 1183, 1270, 1495, 1538, 1817, 1988, 2216, 2394, 2651, 3010, 3397, 3843, 4358, 4804, 5314, 6039, 6773, 7716, 8798, 9726, 11115, 12414, 14431, 16533, 18812, 21668, 24884, 28430, 32868, 37695, 43498, 50096, 57969, 66656, 76844, 88224, 100324, 114631, 130032, 146527, 164924, 182713, 202049, 219541, 238027, 253549, 265368, 275196, 1980886, 1982840, 274778, 265968, 253512, 237503, 219475, 201138, 183075, 164133, 146832, 130159, 115362, 100845, 87078, 77206, 66436, 57608, 50015, 43212, 37830, 32274, 28297, 24382, 21677, 18986, 16196, 14500, 12735, 11279, 9704, 8651, 7564, 6715, 6066, 5419, 4854, 4244, 3720, 3400, 2937, 2738, 2544, 2157, 2039, 1799, 1529, 1443, 1255, 1166, 1086, 951, 933, 804, 788, 712, 644, 615, 523, 504, 513], "tail_rect": {"2": 0.0574954860981459, "3": 0.019261221718603137, "4": 0.008458572278037885, "5": 0.004908579685775417}, "counts_slab": [361, 416, 405, 432, 439, 515, 523, 537, 573, 643, 663, 694, 826, 798, 871, 1023, 1037, 1160, 1270, 1400, 1485, 1620, 1869, 2079, 2339, 2672, 2854, 3397, 3871, 4372, 5114, 6472, 7554, 8937, 10810, 13305, 16390, 19766, 24829, 30420, 38393, 47180, 57998, 71277, 87161, 105938, 127154, 151579, 178800, 207565, 240134, 273132, 305555, 338962, 369022, 397800, 421927, 442012, 454470, 462112, 462245, 455152, 441556, 422629, 398060, 369613, 338868, 306644, 273156, 239841, 208529, 178719, 152037, 126860, 105564, 87674, 71905, 58084, 46972, 38267, 30729, 24736, 20139, 16430, 13044, 10754, 8969, 7343, 6311, 5201, 4600, 3941, 3501, 2979, 2602, 2172, 2058, 1867, 1644, 1580, 1329, 1240, 1117, 1018, 933, 910, 787, 748, 756, 693, 654, 583, 494, 498, 485, 426, 473, 391, 397, 355], "tail_slab": {"2": 0.040309709302722437, "3": 0.011475172543664418, "4": 0.006104626768048073, "5": 0.004169997618979743}, "p_void": 0.3416688563163582, "p_void_source": "data/runs_m1/m1_rectilinear_massless_pencil_E200.root"}