{
 "rectilinear_E200": {
  "E": 200,
  "struct": "rectilinear",
  "n": 9962556,
  "sigma_var_ratio": 0.9977820778230555,
  "track_loss": 0.04804841247567393,
  "track_loss_slab": 0.02047898257759695,
  "track_loss_ratio": 2.3462304483933027,
  "pull_core": 0.7468223162717951,
  "pull_kurt_win": 0.3878226067085597,
  "pull_tail3": 9.285223495329533e-06,
  "pull_tail3_slab": 9.105103253042503e-06,
  "pull_tail3_ratio": 1.019782339341055,
  "ip_tail_ratio": 3.5447338253598524,
  "tail3_struct": 0.019261221718603137,
  "tail3_slab": 0.011475172543664418,
  "tail3_ratio": 1.6785126014717306,
  "tail3_ratio_lo": 1.6699364175264566,
  "tail3_ratio_hi": 1.6871379129226796,
  "tail3_pred": 0.017237849532345955,
  "tail4_struct": 0.008458572278037885,
  "tail4_slab": 0.006104626768048073,
  "tail4_ratio": 1.385600233958689,
  "tail4_ratio_lo": 1.3754689218014282,
  "tail4_ratio_hi": 1.395811730939117,
  "tail4_pred": 0.0035893412560927514,
  "tail5_struct": 0.004908579685775417,
  "tail5_slab": 0.004169997618979743,
  "tail5_ratio": 1.177118102761982,
  "tail5_ratio_lo": 1.1663116951281989,
  "tail5_ratio_hi": 1.188028119858379,
  "tail5_pred": 0.0006020952351795372
 },
 "gyroid_E200": {
  "E": 200,
  "struct": "gyroid",
  "n": 9962354,
  "sigma_var_ratio": 1.0008799747307797,
  "track_loss": 0.04308780836336468,
  "track_loss_slab": 0.02047898257759695,
  "track_loss_ratio": 2.1040014170675025,
  "pull_core": 0.7493209684506126,
  "pull_kurt_win": 0.3562725919797396,
  "pull_tail3": 8.814425870360038e-06,
  "pull_tail3_slab": 9.105103253042503e-06,
  "pull_tail3_ratio": 0.9680753337327247,
  "ip_tail_ratio": 2.0196221813641433,
  "tail3_struct": 0.015219696067816903,
  "tail3_slab": 0.011475172543664418,
  "tail3_ratio": 1.3263152261897693,
  "tail3_ratio_lo": 1.3190881132325947,
  "tail3_ratio_hi": 1.3335837386825746,
  "tail3_pred": 0.008062154644917557,
  "tail4_struct": 0.0070106924528078405,
  "tail4_slab": 0.006104626768048073,
  "tail4_ratio": 1.1484227814716144,
  "tail4_ratio_lo": 1.1395976676555484,
  "tail4_ratio_hi": 1.157317742132767,
  "tail4_pred": 0.0009526702183970104,
  "tail5_struct": 0.004452260981691676,
  "tail5_slab": 0.004169997618979743,
  "tail5_ratio": 1.0676890944558843,
  "tail5_ratio_lo": 1.0575290682571445,
  "tail5_ratio_hi": 1.0779465327540263,
  "tail5_pred": 0.00011087359075313477
 },
 "rectilinear_E1000": {
  "E": 1000,
  "struct": "rectilinear",
  "n": 9953898,
  "sigma_var_ratio": 0.9956130407183029,
  "track_loss": 0.0293561376658672,
  "track_loss_slab": 0.02073128706644256,
  "track_loss_ratio": 1.416030638704799,
  "pull_core": 0.6887092691316549,
  "pull_kurt_win": 1.3116285875224785,
  "pull_tail3": 0.0004385827784614437,
  "pull_tail3_slab": 0.0005214475676647157,
  "pull_tail3_ratio": 0.8410870155663417,
  "ip_tail_ratio": 1.6234379575785751,
  "tail3_struct": 0.02009875930012544,
  "tail3_slab": 0.012526460780777644,
  "tail3_ratio": 1.6045042292367044,
  "tail3_ratio_lo": 1.5965090373723265,
  "tail3_ratio_hi": 1.612543810968356,
  "tail3_pred": 0.01646776147313663,
  "tail4_struct": 0.009302687248754207,
  "tail4_slab": 0.007020106677008181,
  "tail4_ratio": 1.325148986584747,
  "tail4_ratio_lo": 1.3159975347784778,
  "tail4_ratio_hi": 1.3343677633763629,
  "tail4_pred": 0.0033732576413580493,
  "tail5_struct": 0.005740364227160053,
  "tail5_slab": 0.005008333827301397,
  "tail5_ratio": 1.1461624614294312,
  "tail5_ratio_lo": 1.1364429424975504,
  "tail5_ratio_hi": 1.155966041391172,
  "tail5_pred": 0.0005482381890522841
 },
 "gyroid_E1000": {
  "E": 1000,
  "struct": "gyroid",
  "n": 9953206,
  "sigma_var_ratio": 0.9999869351453616,
  "track_loss": 0.025801234295763642,
  "track_loss_slab": 0.02073128706644256,
  "track_loss_ratio": 1.2445553531274829,
  "pull_core": 0.688581606518538,
  "pull_kurt_win": 1.3198204926036583,
  "pull_tail3": 0.0004406611505770218,
  "pull_tail3_slab": 0.0005214475676647157,
  "pull_tail3_ratio": 0.8450727894858289,
  "ip_tail_ratio": 1.0587266327058427,
  "tail3_struct": 0.016209249562402304,
  "tail3_slab": 0.012526460780777644,
  "tail3_ratio": 1.2940007433924232,
  "tail3_ratio_lo": 1.287260267361956,
  "tail3_ratio_hi": 1.3007786430196508,
  "tail3_pred": 0.007453890206327678,
  "tail4_struct": 0.007988280359112431,
  "tail4_slab": 0.007020106677008181,
  "tail4_ratio": 1.1379143831638845,
  "tail4_ratio_lo": 1.1298109353074677,
  "tail4_ratio_hi": 1.1460774460977492,
  "tail4_pred": 0.0008649249466870939,
  "tail5_struct": 0.005344710036143128,
  "tail5_slab": 0.005008333827301397,
  "tail5_ratio": 1.0671632963058653,
  "tail5_ratio_lo": 1.0580390825698858,
  "tail5_ratio_hi": 1.0763664224662848,
  "tail5_pred": 9.936230133415678e-05
 },
 "si_subtraction_E200": {
  "k4_struct_si": 1.650378362245452e-09,
  "k4_slab_si": 1.278013736005084e-09,
  "k4_empty_si": 1.9164298199567498e-10,
  "k4_struct_sub": 1.458735380249777e-09,
  "note": "target-out subtraction removes the Si-telescope kappa4"
 }
}