{
 "diamond": {
  "200_0.2": {
   "dk4": 5.0082715502019216e-11,
   "lo": 4.44175896527678e-11,
   "hi": 5.574784135127063e-11,
   "neff": 12.465547029371569,
   "CN": 0.8684303912014029,
   "keff": 0.8634282866549605,
   "g2": 13.48908036037469,
   "cross0": false
  },
  "200_0.3": {
   "dk4": 4.459703942862342e-11,
   "lo": 3.808258788710833e-11,
   "hi": 5.111149097013851e-11,
   "neff": 19.07194550872712,
   "CN": 0.8995381764046468,
   "keff": 0.8901124332404055,
   "g2": 8.569549667533876,
   "cross0": false
  },
  "200_0.4": {
   "dk4": 1.6815578566265326e-11,
   "lo": 8.707576042400575e-12,
   "hi": 2.4923581090130077e-11,
   "neff": 45.032091655245694,
   "CN": 0.7010754451981669,
   "keff": 0.6824636790971015,
   "g2": 6.146154459860273,
   "cross0": false
  },
  "200_0.5": {
   "dk4": -5.475898899608871e-12,
   "lo": -1.458551676624262e-11,
   "hi": 3.6337189670248773e-12,
   "neff": Infinity,
   "CN": -Infinity,
   "keff": -47.01551577008555,
   "g2": 4.724444722885618,
   "cross0": true
  },
  "500_0.2": {
   "dk4": 2.1864448317587923e-12,
   "lo": 1.983532897567822e-12,
   "hi": 2.3893567659497628e-12,
   "neff": 12.465547029371569,
   "CN": 1.0829870567173732,
   "keff": 1.07911528075974,
   "g2": 13.398885316976294,
   "cross0": false
  },
  "500_0.3": {
   "dk4": 1.7411055373995176e-12,
   "lo": 1.5063606352804392e-12,
   "hi": 1.9758504395185963e-12,
   "neff": 19.07194550872712,
   "CN": 1.003173993078316,
   "keff": 0.9965782960591292,
   "g2": 8.460242459555523,
   "cross0": false
  },
  "500_0.4": {
   "dk4": 9.409485137615456e-13,
   "lo": 6.694599669134808e-13,
   "hi": 1.2124370606096105e-12,
   "neff": 45.032091655245694,
   "CN": 1.1206149190731824,
   "keff": 1.1058302215603057,
   "g2": 6.072071023053623,
   "cross0": false
  },
  "500_0.5": {
   "dk4": -2.4349032904782286e-13,
   "lo": -5.281915416305619e-13,
   "hi": 4.1210883534916186e-14,
   "neff": Infinity,
   "CN": -Infinity,
   "keff": -110.93886079802515,
   "g2": 4.661138362805596,
   "cross0": true
  }
 },
 "voronoi": {
  "200_0.2": {
   "seeds": [
    {
     "dk4": 3.9515800318412826e-11,
     "lo": 3.373126277815575e-11,
     "hi": 4.53003378586699e-11,
     "neff": 16.82587158055709,
     "CN": 0.9229234592941767,
     "keff": 0.9591361074037995,
     "g2": 14.012159233366203,
     "cross0": false,
     "seed_k": 1
    },
    {
     "dk4": 3.07003834882089e-11,
     "lo": 2.495479616253423e-11,
     "hi": 3.6445970813883575e-11,
     "neff": 15.825200315928193,
     "CN": 0.6743888007486395,
     "keff": 0.8912216013389651,
     "g2": 14.26462422587524,
     "cross0": false,
     "seed_k": 2
    },
    {
     "dk4": 2.4166995510957306e-11,
     "lo": 1.8544719567212524e-11,
     "hi": 2.978927145470209e-11,
     "neff": 16.644569022036965,
     "CN": 0.5583577505575089,
     "keff": 0.8203042019167314,
     "g2": 14.461981239965816,
     "cross0": false,
     "seed_k": 3
    },
    {
     "dk4": 5.7992432585083646e-11,
     "lo": 5.164810307766626e-11,
     "hi": 6.433676209250104e-11,
     "neff": 13.048996281763817,
     "CN": 1.0504267352084924,
     "keff": 0.913010449835095,
     "g2": 13.750766419520911,
     "cross0": false,
     "seed_k": 4
    }
   ],
   "CN_mean": 0.8015241864522045,
   "CN_std": 0.2250804182713808,
   "dk4_mean": 3.809390297566567e-11,
   "dk4_std": 1.468100989501004e-11,
   "mean_bootstrap_CI_hw": 5.87418257927348e-12,
   "scatter_vs_ci": 2.4992430345646133
  },
  "200_0.3": {
   "seeds": [
    {
     "dk4": 7.118002377026446e-11,
     "lo": 6.356153977280498e-11,
     "hi": 7.879850776772394e-11,
     "neff": 11.260047517028289,
     "CN": 0.8476498791372551,
     "keff": 0.9261312588600131,
     "g2": 7.869678672126867,
     "cross0": false,
     "seed_k": 1
    },
    {
     "dk4": 8.021316533974852e-11,
     "lo": 7.338993602459216e-11,
     "hi": 8.703639465490489e-11,
     "neff": 13.555313762789686,
     "CN": 1.1499352360187418,
     "keff": 0.9468960209494447,
     "g2": 8.376451489174748,
     "cross0": false,
     "seed_k": 2
    },
    {
     "dk4": 1.4914839296673984e-10,
     "lo": 1.4154307565645532e-10,
     "hi": 1.5675371027702435e-10,
     "neff": 10.72842281628964,
     "CN": 1.6922815200648946,
     "keff": 0.9461095771882997,
     "g2": 8.486278994811622,
     "cross0": false,
     "seed_k": 3
    },
    {
     "dk4": 4.781954592489265e-11,
     "lo": 4.0672161566242056e-11,
     "hi": 5.496693028354325e-11,
     "neff": 11.027818202196606,
     "CN": 0.5577161213552441,
     "keff": 0.8619718709938413,
     "g2": 8.714881149796433,
     "cross0": false,
     "seed_k": 4
    }
   ],
   "CN_mean": 1.0618956891440339,
   "CN_std": 0.48484896662804167,
   "dk4_mean": 8.709028200041137e-11,
   "dk4_std": 4.3565394902898595e-11,
   "mean_bootstrap_CI_hw": 7.298603745387738e-12,
   "scatter_vs_ci": 5.969003993459599
  },
  "200_0.4": {
   "seeds": [
    {
     "dk4": 1.2549968741644332e-10,
     "lo": 1.166996138135234e-10,
     "hi": 1.3429976101936324e-10,
     "neff": 9.150832065372393,
     "CN": 1.0627470719126086,
     "keff": 0.9853761428422494,
     "g2": 6.262589452175299,
     "cross0": false,
     "seed_k": 1
    },
    {
     "dk4": 7.387005749890892e-11,
     "lo": 6.502240070259026e-11,
     "hi": 8.271771429522758e-11,
     "neff": 9.276381331120682,
     "CN": 0.6341233100152104,
     "keff": 0.9301169851014555,
     "g2": 6.2962005902512095,
     "cross0": false,
     "seed_k": 2
    },
    {
     "dk4": 1.2004490496491344e-10,
     "lo": 1.114236913826513e-10,
     "hi": 1.2866611854717558e-10,
     "neff": 9.78719086089517,
     "CN": 1.0872476493520717,
     "keff": 1.0459416556940844,
     "g2": 6.305717115471758,
     "cross0": false,
     "seed_k": 3
    },
    {
     "dk4": 8.642099101640424e-11,
     "lo": 7.757157525692294e-11,
     "hi": 9.527040677588554e-11,
     "neff": 12.10175438462179,
     "CN": 0.9678192681150858,
     "keff": 0.9431374712844663,
     "g2": 6.054090199631557,
     "cross0": false,
     "seed_k": 4
    }
   ],
   "CN_mean": 0.9379843248487442,
   "CN_std": 0.20901907669881742,
   "dk4_mean": 1.0145891022416748e-10,
   "dk4_std": 2.5236758754555548e-11,
   "mean_bootstrap_CI_hw": 8.779589935245507e-12,
   "scatter_vs_ci": 2.8744803505278798
  },
  "200_0.5": {
   "seeds": [
    {
     "dk4": 1.3378590241231255e-10,
     "lo": 1.2491169530282585e-10,
     "hi": 1.4266010952179926e-10,
     "neff": 8.054857657897566,
     "CN": 0.9573397281641987,
     "keff": 0.9839795144353694,
     "g2": 4.905288299098507,
     "cross0": false,
     "seed_k": 1
    },
    {
     "dk4": 8.000977063848916e-11,
     "lo": 7.140655640804856e-11,
     "hi": 8.861298486892976e-11,
     "neff": 10.093466220382371,
     "CN": 0.7174327843838947,
     "keff": 0.8636598063610548,
     "g2": 4.832182124840316,
     "cross0": false,
     "seed_k": 2
    },
    {
     "dk4": 5.645924655793541e-11,
     "lo": 4.7737012422358894e-11,
     "hi": 6.518148069351192e-11,
     "neff": 10.874868849011435,
     "CN": 0.5454525364230017,
     "keff": 0.9976815923766259,
     "g2": 4.503313966129605,
     "cross0": false,
     "seed_k": 3
    },
    {
     "dk4": 1.5985747283131392e-10,
     "lo": 1.5062001924389065e-10,
     "hi": 1.690949264187372e-10,
     "neff": 6.9354086975693106,
     "CN": 0.9849243194487367,
     "keff": 1.0035572520934544,
     "g2": 4.604332860500361,
     "cross0": false,
     "seed_k": 4
    }
   ],
   "CN_mean": 0.8012873421049579,
   "CN_std": 0.20861281623433497,
   "dk4_mean": 1.0752809811001276e-10,
   "dk4_std": 4.7585437867686474e-11,
   "mean_bootstrap_CI_hw": 8.859277265731773e-12,
   "scatter_vs_ci": 5.371255062955289
  },
  "500_0.2": {
   "seeds": [
    {
     "dk4": 1.3520993577518899e-12,
     "lo": 1.1583403657381832e-12,
     "hi": 1.5458583497655966e-12,
     "neff": 16.82587158055709,
     "CN": 0.9020718013186805,
     "keff": 0.9373829393442399,
     "g2": 13.728627859850489,
     "cross0": false,