topology,E_MeV,var_t_mm2,N_eff,a_pow_rad2_per_mm,Dk4_LI_leading_rad4,Dk4_LI_d4corr_rad4
rectilinear,100,11.527701635001693,2.083324801112159,1.7196566705801988e-05,1.0226981714059731e-08,8.093306506824248e-09
rectilinear,200,11.527701635001693,2.083324801112159,3.914612476633582e-06,5.2995809948065e-10,4.4148280936236417e-10
rectilinear,500,11.527701635001693,2.083324801112159,7.205794652328899e-07,1.7956750373058563e-11,1.4498599648613071e-11
rectilinear,1000,11.527701635001693,2.083324801112159,2.1942865426073386e-07,1.6651396463303296e-12,1.338168878399732e-12
gyroid,100,6.2146198893080316,3.863965084892714,1.7196566705801988e-05,5.51339772490354e-09,4.3631267689006855e-09
gyroid,200,6.2146198893080316,3.863965084892714,3.914612476633582e-06,2.8570206358674967e-10,2.38004758860202e-10
gyroid,500,6.2146198893080316,3.863965084892714,7.205794652328899e-07,9.680540106703826e-12,7.81624027028975e-12
gyroid,1000,6.2146198893080316,3.863965084892714,2.1942865426073386e-07,8.976819744483514e-13,7.214110141179737e-13
