{
 "subset": [
  "rectilinear_f40",
  "gyroid_f40",
  "voronoi_f40"
 ],
 "artifacts": [
  "infill_var",
  "roughness_layers",
  "tolerance_over",
  "tolerance_under",
  "microporosity"
 ],
 "cell_mm": 2.5,
 "a_eff": {
  "200": 3.874319058957861e-06
 },
 "energies": [
  200
 ],
 "configs": {
  "rectilinear_f40": {
   "nominal": {
    "f": 0.3972800925925926,
    "var_t": 11.574922235127747,
    "N_eff": 2.0686844866700826
   },
   "voxel_mm": 0.052083,
   "dims": [
    144,
    144,
    192
   ],
   "perturbed": {
    "infill_var": {
     "f": 0.3928878219039352,
     "var_t": 11.145520098126303,
     "N_eff": 2.1401153037588276,
     "df_pct": -1.1055853969410112,
     "dvar_pct": -3.709762608152034,
     "dN_eff_pct": 3.452958512959392,
     "dDelta_kappa4_pct": -3.709762608152034
    },
    "roughness_layers": {
     "f": 0.39086311246141975,
     "var_t": 10.493186399533316,
     "N_eff": 2.268987995762472,
     "df_pct": -1.615228210730768,
     "dvar_pct": -9.345512769939512,
     "dN_eff_pct": 9.682651481319592,
     "dDelta_kappa4_pct": -9.345512769939512
    },
    "tolerance_over": {
     "f": 0.4448784722222222,
     "var_t": 11.922933292347938,
     "N_eff": 2.071315934761977,
     "df_pct": 11.981063364894373,
     "dvar_pct": 3.006595207733165,
     "dN_eff_pct": 0.12720393606906466,
     "dDelta_kappa4_pct": 3.006595207733165
    },
    "tolerance_under": {
     "f": 0.3238309381430041,
     "var_t": 10.506048459270628,
     "N_eff": 2.084175249079589,
     "df_pct": -18.488002751476895,
     "dvar_pct": -9.234392716810525,
     "dN_eff_pct": 0.7488218966847704,
     "dDelta_kappa4_pct": -9.234392716810525
    },
    "microporosity": {
     "f": 0.38754335254308125,
     "var_t": 10.993100402598357,
     "N_eff": 2.159113387035461,
     "df_pct": -2.450850226592227,
     "dvar_pct": -5.026572280232422,
     "dN_eff_pct": 4.371323947565342,
     "dDelta_kappa4_pct": -5.026572280232422
    }
   }
  },
  "gyroid_f40": {
   "nominal": {
    "f": 0.39697265625,
    "var_t": 6.168150901794434,
    "N_eff": 3.8809907580272966
   },
   "voxel_mm": 0.078125,
   "dims": [
    96,
    96,
    128
   ],
   "perturbed": {
    "infill_var": {
     "f": 0.3961147732204861,
     "var_t": 6.034973842080361,
     "N_eff": 3.9636933964656555,
     "df_pct": -0.21610632772994798,
     "dvar_pct": -2.159108326538006,
     "dN_eff_pct": 2.1309671574790467,
     "dDelta_kappa4_pct": -2.159108326538006
    },
    "roughness_layers": {
     "f": 0.40118492974175346,
     "var_t": 5.6785949298186384,
     "N_eff": 4.230546197763932,
     "df_pct": 1.0610991526581959,
     "dvar_pct": -7.936835200211689,
     "dN_eff_pct": 9.00686091595626,
     "dDelta_kappa4_pct": -7.936835200211689
    },
    "tolerance_over": {
     "f": 0.4736328125,
     "var_t": 6.624507904052734,
     "N_eff": 3.7633704274217927,
     "df_pct": 19.311193111931125,
     "dvar_pct": 7.398603074473065,
     "dN_eff_pct": -3.0306779360971814,
     "dDelta_kappa4_pct": 7.398603074473065
    },
    "tolerance_under": {
     "f": 0.3026869032118056,
     "var_t": 5.192663709138646,
     "N_eff": 4.064725806610425,
     "df_pct": -23.751195845291782,
     "dvar_pct": -15.81490479378511,
     "dN_eff_pct": 4.734230510678161,
     "dDelta_kappa4_pct": -15.81490479378511
    },
    "microporosity": {
     "f": 0.38802676730685765,
     "var_t": 5.880519854591837,
     "N_eff": 4.038112293334472,
     "df_pct": -2.2535277436107726,
     "dvar_pct": -4.66316488980384,
     "dN_eff_pct": 4.0484903238223735,
     "dDelta_kappa4_pct": -4.66316488980384
    }
   }
  },
  "voronoi_f40": {
   "nominal": {
    "f": 0.39999983045789933,
    "var_t": 2.5752255916566713,
    "N_eff": 9.319570559919624
   },
   "voxel_mm": 0.078125,
   "dims": [
    96,
    96,
    128
   ],
   "perturbed": {
    "infill_var": {
     "f": 0.40014733208550346,
     "var_t": 2.633943532832128,
     "N_eff": 9.112930543817217,
     "df_pct": 0.03687542253087983,
     "dvar_pct": 2.280108638470102,
     "dN_eff_pct": -2.2172697204643432,
     "dDelta_kappa4_pct": 2.280108638470102
    },
    "roughness_layers": {
     "f": 0.40369923909505206,
     "var_t": 2.338801866992273,
     "N_eff": 10.292712984649048,
     "df_pct": 0.9248525512917993,
     "dvar_pct": -9.180699563967288,
     "dN_eff_pct": 10.441923460664437,
     "dDelta_kappa4_pct": -9.180699563967288
    },
    "tolerance_over": {
     "f": 0.5023066202799479,
     "var_t": 2.949140887681602,
     "N_eff": 8.476864586127371,
     "df_pct": 25.57670829633427,
     "dvar_pct": 14.51971032116013,
     "dN_eff_pct": -9.042326235679255,
     "dDelta_kappa4_pct": 14.51971032116013
    },
    "tolerance_under": {
     "f": 0.26981184217664933,
     "var_t": 2.1046188883454664,
     "N_eff": 9.361001798894485,
     "df_pct": -32.54701086553398,
     "dvar_pct": -18.274387488066957,
     "dN_eff_pct": 0.44456167490207754,
     "dDelta_kappa4_pct": -18.274387488066957
    },
    "microporosity": {
     "f": 0.3918965657552083,
     "var_t": 2.4662374518811703,
     "N_eff": 9.663045515860757,
     "df_pct": -2.0258170343259385,
     "dvar_pct": -4.232178343078196,
     "dN_eff_pct": 3.685523423346404,
     "dDelta_kappa4_pct": -4.232178343078196
    }
   }
  }
 },
 "dominant_artifact": {
  "name": "tolerance_under",
  "abs_dk4_shift": 0.18274387488066957,
  "config": "voronoi_f40",
  "topo": "voronoi",
  "infill": 0.4
 }
}