{
 "E": 200,
 "nominal_g4": {
  "dk4": 4.932198334675061e-10,
  "dk4_se": 1.3068850918619707e-11,
  "k2": 1.5175095903524644e-05,
  "gamma2": 2.1417937327068546,
  "tpla_mean": 3.94607655963971,
  "f_built": 0.39460765596397096
 },
 "artifacts": {
  "tolerance_under": {
   "g4": {
    "dk4": 4.708965726392088e-10,
    "dk4_se": 1.3433952385344598e-11,
    "k2": 1.3206631336096825e-05,
    "gamma2": 2.6998610915701664,
    "tpla_mean": 3.4051568849321163,
    "f_built": 0.3405156884932116
   },
   "meas_dk4_shift_pct": -4.5260265937314585,
   "raytrace_pred_pct": -9.234392716810525,
   "wall_s": 1313.8313138484955,
   "rc": 0
  },
  "tolerance_over": {
   "g4": {
    "dk4": 5.384336096462812e-10,
    "dk4_se": 1.3845694770068901e-11,
    "k2": 1.7046495068868495e-05,
    "gamma2": 1.8529426033786334,
    "tpla_mean": 4.4226064969197205,
    "f_built": 0.44226064969197204
   },
   "meas_dk4_shift_pct": 9.167063672380426,
   "raytrace_pred_pct": 3.006595207733165,
   "wall_s": 1052.5007770061493,
   "rc": 0
  }
 }
}