{
 "E": 500,
 "rows": [
  {
   "family": "voronoi",
   "config": "voronoi_f40",
   "ratio_raw_struct": 0.35184914915814736,
   "ratio_raw_ci": [
    0.34858241748911956,
    0.35511588082717516
   ],
   "ratio_floor": 0.34553752223200157,
   "ratio_dk4_simple": 0.44992895955252743,
   "ratio_dk4_allord": 0.4383233366013472,
   "U": {
    "k4_struct": 1.9117075223569932e-11,
    "se": 7.732219323436917e-14,
    "k4_solid": 1.7205531062738796e-11,
    "floor": 1.7497059336097028e-11,
    "dk4_simple": 1.911544160831136e-12,
    "dk4_allord": 1.6200158874729048e-12,
    "k2": 2.4310793592314167e-06,
    "tpla_mean": 4.104221411113593
   },
   "W": {
    "k4_struct": 5.433315746054934e-11,
    "se": 1.3396824659803066e-13,
    "k4_solid": 5.0084610839473326e-11,
    "floor": 5.063721943444716e-11,
    "dk4_simple": 4.248546621076012e-12,
    "dk4_allord": 3.69593802610218e-12,
    "k2": 2.968310239021896e-06,
    "tpla_mean": 4.104164088928413
   }
  },
  {
   "family": "voronoi",
   "config": "voronoi_f50",
   "ratio_raw_struct": 0.34628879047665834,
   "ratio_raw_ci": [
    0.343275713928718,
    0.3493018670245987
   ],
   "ratio_floor": 0.34708079209653614,
   "ratio_dk4_simple": 0.36579268700891476,
   "ratio_dk4_allord": 0.3338845195573811,
   "U": {
    "k4_struct": 2.2175080716756613e-11,
    "se": 7.953870799370818e-14,
    "k4_solid": 2.1108542773439525e-11,
    "floor": 2.0891870369323508e-11,
    "dk4_simple": 1.0665379433170875e-12,
    "dk4_allord": 1.2832103474331046e-12,
    "k2": 2.9394672007068414e-06,
    "tpla_mean": 4.962112361469149
   },
   "W": {
    "k4_struct": 6.403638040443971e-11,
    "se": 1.6750123902102525e-13,
    "k4_solid": 6.112069077696748e-11,
    "floor": 6.01931044444335e-11,
    "dk4_simple": 2.9156896274722266e-12,
    "dk4_allord": 3.843275960006206e-12,
    "k2": 3.5910172421222655e-06,
    "tpla_mean": 4.962036162926134
   }
  },
  {
   "family": "periodic",
   "config": "rectilinear_f40",
   "ratio_raw_struct": 0.3990193065909835,
   "ratio_raw_ci": [
    0.38945914278348287,
    0.4085794703984841
   ],
   "ratio_floor": 0.3502602466197574,
   "ratio_dk4_simple": 0.6130738357340884,
   "ratio_dk4_allord": 0.5341470176165614,
   "U": {
    "k4_struct": 2.5165428613532158e-11,
    "se": 2.446476358900523e-13,
    "k4_solid": 1.7205531062738796e-11,
    "floor": 1.6232866035269484e-11,
    "dk4_simple": 7.959897550793361e-12,
    "dk4_allord": 8.932562578262674e-12,
    "k2": 2.2447992100376277e-06,
    "tpla_mean": 3.9521698324647176
   },
   "W": {
    "k4_struct": 6.30681979489481e-11,
    "se": 4.673796596715947e-13,
    "k4_solid": 5.0084610839473326e-11,
    "floor": 4.6345156756804e-11,
    "dk4_simple": 1.2983587109474769e-11,
    "dk4_allord": 1.6723041192144097e-11,
    "k2": 2.81987333598691e-06,
    "tpla_mean": 3.9517572237238623
   }
  },
  {
   "family": "periodic",
   "config": "schwarzp_f40",
   "ratio_raw_struct": 0.4216085039772885,
   "ratio_raw_ci": [
    0.4123028442204627,
    0.43091416373411423
   ],
   "ratio_floor": 0.3499670224498197,
   "ratio_dk4_simple": 0.6999848528250735,
   "ratio_dk4_allord": 0.6146549484105795,
   "U": {
    "k4_struct": 2.7038756935533648e-11,
    "se": 2.344430293456304e-13,
    "k4_solid": 1.7205531062738796e-11,
    "floor": 1.636937727552241e-11,
    "dk4_simple": 9.833225872794851e-12,
    "dk4_allord": 1.0669379660011237e-11,
    "k2": 2.3544058398830365e-06,
    "tpla_mean": 3.9769434733096043
   },
   "W": {
    "k4_struct": 6.413238034921181e-11,
    "se": 4.608307779872481e-13,
    "k4_solid": 5.0084610839473326e-11,
    "floor": 4.6774056483763546e-11,
    "dk4_simple": 1.4047769509738489e-11,
    "dk4_allord": 1.735832386544827e-11,
    "k2": 2.873186903486543e-06,
    "tpla_mean": 3.9768276313274518
   }
  },
  {
   "family": "periodic",
   "config": "gyroid_f40",
   "ratio_raw_struct": 0.39017668942297756,
   "ratio_raw_ci": [
    0.382991965173574,
    0.3973614136723812
   ],
   "ratio_floor": 0.34722568872498105,
   "ratio_dk4_simple": 0.725282881129061,
   "ratio_dk4_allord": 0.6159879147369717,
   "U": {
    "k4_struct": 2.2262108548936036e-11,
    "se": 1.7346992328532858e-13,
    "k4_solid": 1.7205531062738796e-11,
    "floor": 1.6645395647178783e-11,
    "dk4_simple": 5.0565774861972394e-12,
    "dk4_allord": 5.616712901757253e-12,
    "k2": 2.3466414544118028e-06,
    "tpla_mean": 3.957817455794091
   },
   "W": {
    "k4_struct": 5.70564801855767e-11,
    "se": 2.994601347088313e-13,
    "k4_solid": 5.0084610839473326e-11,
    "floor": 4.793826087090784e-11,
    "dk4_simple": 6.971869346103376e-12,
    "dk4_allord": 9.118219314668865e-12,
    "k2": 2.8562048404151694e-06,
    "tpla_mean": 3.9576484308021063
   }
  },
  {
   "family": "periodic",
   "config": "gyroid_f20",
   "ratio_raw_struct": 0.37643287441947304,
   "ratio_raw_ci": [
    0.3668370448756908,
    0.38602870396325534
   ],
   "ratio_floor": 0.3429429577309308,
   "ratio_dk4_simple": 0.6013745200014476,
   "ratio_dk4_allord": 0.5827393246887359,
   "U": {
    "k4_struct": 1.1170470798969797e-11,
    "se": 1.188145051168719e-13,
    "k4_solid": 8.979470781680873e-12,
    "floor": 8.755400771340425e-12,
    "dk4_simple": 2.1910000172889245e-12,
    "dk4_allord": 2.4150700276293726e-12,
    "k2": 1.1889755802274166e-06,
    "tpla_mean": 2.009651023513827
   },
   "W": {
    "k4_struct": 2.9674535775326915e-11,
    "se": 2.220986432426978e-13,
    "k4_solid": 2.6031215440964146e-11,
    "floor": 2.553019554409341e-11,
    "dk4_simple": 3.64332033436277e-12,
    "dk4_allord": 4.144340231233506e-12,
    "k2": 1.4528921418452428e-06,
    "tpla_mean": 2.009577390343894
   }
  }
 ],
 "periodic_raw_ratio_mean": 0.3968093436026807,
 "periodic_raw_ratio_sd": 0.018965537952972584,
 "voronoi_raw_ratio_mean": 0.3490689698174029,
 "raw_agrees": true,
 "branch": "A: floor/deconvolution artifact (raw kappa4 rescales uniformly; divergence is in the subtraction) -> OPTION 1"
}