{
 "cell_mm": 0.2,
 "energy": 200,
 "infill": 0.4,
 "nevt": 10000000,
 "by_topo": {
  "rectilinear": {
   "transport_gamma2": 2.119757851010277,
   "by_res": {
    "4": {
     "gamma2": 1.369145566808692,
     "gamma2_ci": 0.04537266108561737,
     "k2": 1.82894336204413e-05,
     "dk4": 4.5798382276212477e-10,
     "f_built": 0.4691730184879289,
     "tpla_mean": 4.691730184879289,
     "n": 19885670,
     "gamma2_straight": 1.5037593984962407,
     "ratio_g4_straight": 0.9104818019277802,
     "rc": 0,
     "wall": 566.3,
     "stuck": 0,
     "tag": "foam_rectilinear_res4_E200"
    },
    "8": {
     "gamma2": 1.9229355166711297,
     "gamma2_ci": 0.0708765007582012,
     "k2": 1.4229291909040728e-05,
     "dk4": 3.89342038734655e-10,
     "f_built": 0.3652776532367922,
     "tpla_mean": 3.652776532367922,
     "n": 19911026,
     "gamma2_straight": 2.300637898686679,
     "ratio_g4_straight": 0.8358271059382439,
     "rc": 0,
     "wall": 975.1,
     "stuck": 0,
     "tag": "foam_rectilinear_res8_E200"
    }
   },
   "ratio_voxel_stable": true
  },
  "gyroid": {
   "transport_gamma2": 1.1543688064624094,
   "by_res": {
    "4": {
     "gamma2": 0.47133807855185794,
     "gamma2_ci": 0.043962900782861,
     "k2": 1.867244954467542e-05,
     "dk4": 1.6433690980492513e-10,
     "f_built": 0.48035348614219997,
     "tpla_mean": 4.8035348614219995,
     "n": 19882254,
     "gamma2_straight": 0.7518796992481204,
     "ratio_g4_straight": 0.626879644473971,
     "rc": 0,
     "wall": 597.4,
     "stuck": 0,
     "tag": "foam_gyroid_res4_E200"
    },
    "8": {
     "gamma2": 0.6998073545829949,
     "gamma2_ci": 0.04349970019299779,
     "k2": 1.8585165734156233e-05,
     "dk4": 2.417193284138026e-10,
     "f_built": 0.4772058999615993,
     "tpla_mean": 4.772058999615993,
     "n": 19882904,
     "gamma2_straight": 0.8442776735459663,
     "ratio_g4_straight": 0.8288829333171918,
     "rc": 0,
     "wall": 942.9,
     "stuck": 0,
     "tag": "foam_gyroid_res8_E200"
    }
   },
   "ratio_voxel_stable": false
  }
 }
}