{
  "check": "geometry_consistency",
  "cell_mm": 2.0,
  "ntile": 5,
  "n_geantino": 200000,
  "f_tol": 0.01,
  "var_tol": 0.03,
  "rows": [
    {
      "name": "rectilinear",
      "cell": 2.0,
      "n": 200000,
      "f_g4": 0.3987078058791886,
      "f_ray": 0.4008005401234568,
      "df": -0.005221385788610977,
      "var_g4": 11.544256497984108,
      "var_ray": 11.527701635001693,
      "dvar": 0.0014360939853048649,
      "tmean_g4": 3.987078058791886,
      "tmean_ray": 4.008005401234568,
      "ok": true
    },
    {
      "name": "gyroid",
      "cell": 2.0,
      "n": 200000,
      "f_g4": 0.3987573945436794,
      "f_ray": 0.40065586419753085,
      "df": -0.004738404759540571,
      "var_g4": 6.1684938381308925,
      "var_ray": 6.2146198893080316,
      "dvar": -0.007422183817951122,
      "tmean_g4": 3.9875739454367944,
      "tmean_ray": 4.0065586419753085,
      "ok": true
    }
  ],
  "gate": "PASS"
}