{"bins_mm": [0.0, 0.1, 0.2, 0.30000000000000004, 0.4, 0.5, 0.6000000000000001, 0.7000000000000001, 0.8, 0.9, 1.0, 1.1, 1.2000000000000002, 1.3, 1.4000000000000001, 1.5, 1.6, 1.7000000000000002, 1.8, 1.9000000000000001, 2.0, 2.1, 2.2, 2.3000000000000003, 2.4000000000000004, 2.5, 2.6, 2.7, 2.8000000000000003, 2.9000000000000004, 3.0, 3.1, 3.2, 3.3000000000000003, 3.4000000000000004, 3.5, 3.6, 3.7, 3.8000000000000003, 3.9000000000000004, 4.0, 4.1000000000000005, 4.2, 4.3, 4.4, 4.5, 4.6000000000000005, 4.7, 4.800000000000001, 4.9, 5.0, 5.1000000000000005, 5.2, 5.300000000000001, 5.4, 5.5, 5.6000000000000005, 5.7, 5.800000000000001, 5.9, 6.0, 6.1000000000000005, 6.2, 6.300000000000001, 6.4, 6.5, 6.6000000000000005, 6.7, 6.800000000000001, 6.9, 7.0, 7.1000000000000005, 7.2, 7.300000000000001, 7.4, 7.5, 7.6000000000000005, 7.7, 7.800000000000001, 7.9, 8.0, 8.1, 8.200000000000001, 8.3, 8.4, 8.5, 8.6, 8.700000000000001, 8.8, 8.9, 9.0, 9.1, 9.200000000000001, 9.3, 9.4, 9.5, 9.600000000000001, 9.700000000000001, 9.8, 9.9, 10.0], "f_designed": 0.4, "L_mm": 10.0, "quantity": "straight-chord line integral through the as-built voxel field", "topologies": {"rectilinear": {"density": [2.5, 0.0, 0.0, 0.0, 0.0, 0.0, 0.0, 0.0, 0.43402777777777785, 0.0, 0.0, 0.0, 0.0, 0.0, 0.0, 0.0, 0.0, 0.0, 0.0, 0.0, 0.4687499999999996, 0.0, 0.0, 0.0, 0.0, 0.0, 0.0, 0.0, 0.0, 0.503472222222224, 0.0, 0.0, 0.0, 0.538194444444444, 0.0, 0.0, 0.0, 0.5208333333333329, 0.0, 0.0, 0.0, 0.9722222222222257, 0.0, 0.0, 0.0, 1.3541666666666594, 0.0, 0.0, 0.0, 0.8333333333333363, 0.0, 0.0, 0.0, 0.0, 0.0, 0.0, 0.0, 0.0, 0.0, 0.0, 0.0, 0.0, 0.0, 0.0, 0.0, 0.0, 0.0, 0.0, 0.0, 0.0, 0.0, 0.0, 0.0, 0.0, 0.0, 0.0, 0.0, 0.0, 0.0, 0.0, 0.0, 0.0, 0.0, 0.0, 0.0, 0.0, 0.0, 0.0, 0.0, 0.0, 0.0, 0.0, 0.0, 0.0, 0.0, 0.0, 0.0, 0.0, 0.0, 1.8750000000000067], "p_void": 0.25, "p_solid": 0.1875, "mean_t_mm": 3.9727755000000005, "var_t_mm2": 11.574922235127747, "n": 20736, "source": "data/geom_stats/voxel/rectilinear_f40_c2.5_camp_vox.raw", "voxel_mm": 0.052083, "cell_mm": 2.5}, "gyroid": {"density": [1.5625, 0.0, 0.0, 0.0, 0.0, 0.0, 0.0, 0.0, 0.0, 0.15625000000000003, 0.0, 0.0, 0.0, 0.0, 0.0, 0.15624999999999986, 0.0, 0.0, 0.15624999999999986, 0.0, 0.0, 0.3124999999999997, 0.0, 0.0, 0.0, 0.07812499999999993, 0.0, 0.0, 0.4687499999999996, 0.0, 0.0, 0.15624999999999986, 0.0, 0.0, 0.46875000000000167, 0.0, 0.0, 0.9374999999999992, 0.0, 0.0, 0.6249999999999967, 0.0, 0.0, 1.1718749999999938, 0.0, 0.0, 0.7812500000000028, 0.0, 0.0, 0.0, 0.6249999999999967, 0.0, 0.0, 0.6250000000000022, 0.0, 0.0, 0.0, 0.0, 0.0, 0.15625000000000056, 0.0, 0.0, 0.23437499999999875, 0.0, 0.0, 0.31249999999999833, 0.0, 0.0, 0.0, 0.0, 0.0, 0.15625000000000056, 0.0, 0.0, 0.0, 0.23437499999999875, 0.0, 0.0, 0.0, 0.0, 0.0, 0.0, 0.0, 0.0, 0.0, 0.0, 0.0, 0.0, 0.0, 0.0, 0.15625000000000056, 0.0, 0.0, 0.0, 0.0, 0.0, 0.0, 0.0, 0.0, 0.46875000000000167], "p_void": 0.15625, "p_solid": 0.046875, "mean_t_mm": 3.9697265625, "var_t_mm2": 6.168150901794434, "n": 9216, "source": "data/geom_stats/voxel/gyroid_f40_c2.5_camp_vox.raw", "voxel_mm": 0.078125, "cell_mm": 2.5}, "voronoi": {"density": [0.0, 0.0, 0.0, 0.0, 0.0, 0.0, 0.0, 0.0, 0.0, 0.0010850694444444447, 0.04557291666666663, 0.04774305555555552, 0.046657986111111174, 0.06184895833333327, 0.18554687500000025, 0.11935763888888877, 0.09440104166666657, 0.2083333333333336, 0.09331597222222214, 0.13129340277777796, 0.1171874999999999, 0.2213541666666665, 0.11827256944444434, 0.1367187499999999, 0.1638454861111117, 0.3092447916666664, 0.18120659722222207, 0.15299479166666652, 0.35481770833333304, 0.17144097222222285, 0.17035590277777762, 0.18446180555555539, 0.33420138888888856, 0.18337673611111097, 0.20833333333333406, 0.4351128472222219, 0.1877170138888887, 0.2213541666666665, 0.17903645833333318, 0.3841145833333347, 0.1822916666666657, 0.18229166666666732, 0.3602430555555568, 0.17035590277777685, 0.1529947916666672, 0.15950520833333248, 0.30381944444444553, 0.1540798611111103, 0.11827256944444486, 0.14214409722222274, 0.24197048611110983, 0.12912326388888934, 0.1258680555555549, 0.2224392361111119, 0.11176215277777818, 0.11501736111111051, 0.11501736111111152, 0.1963975694444434, 0.08680555555555587, 0.08246527777777807, 0.15516493055555472, 0.07161458333333358, 0.06293402777777744, 0.07052951388888914, 0.11176215277777818, 0.04123263888888867, 0.05425347222222241, 0.08572048611111066, 0.041232638888889034, 0.03038194444444455, 0.028211805555555403, 0.07486979166666693, 0.027126736111110966, 0.0336371527777779, 0.03472222222222234, 0.04665798611111086, 0.016276041666666727, 0.02387152777777765, 0.036892361111111244, 0.01736111111111117, 0.004340277777777793, 0.021701388888888583, 0.01736111111111117, 0.010850694444444484, 0.011935763888888931, 0.015190972222222276, 0.006510416666666574, 0.004340277777777793, 0.004340277777777793, 0.01736111111111117, 0.004340277777777793, 0.0021701388888888578, 0.0, 0.0, 0.0032552083333333448, 0.0021701388888888578, 0.004340277777777793, 0.0010850694444444482, 0.0, 0.0010850694444444482], "p_void": 0.0, "p_solid": 0.00010850694444444444, "mean_t_mm": 3.999998304578993, "var_t_mm2": 2.5752255916566713, "n": 9216, "source": "data/geom_stats/voxel/voronoi_f40_c2.5_camp_vox.raw", "voxel_mm": 0.078125, "cell_mm": 2.5}}, "mean_t_over_fL": {"camp_diamond_f20_E200": 0.99489, "camp_diamond_f20_E500": 0.99731, "camp_diamond_f30_E200": 0.98626, "camp_diamond_f30_E500": 0.98746, "camp_diamond_f40_E200": 0.99172, "camp_diamond_f40_E500": 0.99249, "camp_diamond_f50_E200": 1.00013, "camp_diamond_f50_E500": 1.00007, "camp_gyroid_f20_E1000": 1.00529, "camp_gyroid_f20_E200": 1.0037, "camp_gyroid_f20_E500": 1.00494, "camp_gyroid_f30_E1000": 1.00277, "camp_gyroid_f30_E200": 1.0019, "camp_gyroid_f30_E500": 1.00261, "camp_gyroid_f40_E1000": 0.98956, "camp_gyroid_f40_E200": 0.98852, "camp_gyroid_f40_E500": 0.98925, "camp_gyroid_f50_E1000": 0.99726, "camp_gyroid_f50_E200": 0.99674, "camp_gyroid_f50_E500": 0.99756, "camp_rectilinear_f20_E1000": 0.97667, "camp_rectilinear_f20_E200": 0.97222, "camp_rectilinear_f20_E500": 0.97711, "camp_rectilinear_f30_E1000": 0.9963, "camp_rectilinear_f30_E200": 0.99395, "camp_rectilinear_f30_E500": 0.99651, "camp_rectilinear_f40_E1000": 0.98825, "camp_rectilinear_f40_E200": 0.98587, "camp_rectilinear_f40_E500": 0.98689, "camp_rectilinear_f50_E1000": 0.99757, "camp_rectilinear_f50_E200": 0.99607, "camp_rectilinear_f50_E500": 0.99755, "camp_schwarzp_f20_E1000": 0.9935, "camp_schwarzp_f20_E200": 0.99162, "camp_schwarzp_f20_E500": 0.99308, "camp_schwarzp_f30_E1000": 0.98661, "camp_schwarzp_f30_E200": 0.98553, "camp_schwarzp_f30_E500": 0.98724, "camp_schwarzp_f40_E1000": 0.99364, "camp_schwarzp_f40_E200": 0.99317, "camp_schwarzp_f40_E500": 0.99444, "camp_schwarzp_f50_E1000": 0.99604, "camp_schwarzp_f50_E200": 0.9958, "camp_schwarzp_f50_E500": 0.99625, "camp_voronoi_f20_E200": 1.06378, "camp_voronoi_f20_E500": 1.06365, "camp_voronoi_f30_E200": 1.07872, "camp_voronoi_f30_E500": 1.07882, "camp_voronoi_f40_E200": 1.02616, "camp_voronoi_f40_E500": 1.02598, "camp_voronoi_f50_E200": 0.99214, "camp_voronoi_f50_E500": 0.99227}}