{
 "E": 200,
 "sigma_core_16": 0.007578996792545502,
 "windows": {
  "4sigma": {
   "W": 0.030315987170182006,
   "a_eff": 3.7338751295829444e-06,
   "configs": {
    "camp_rectilinear_f40_E200": {
     "dk4": 4.766499682871336e-10,
     "gamma2": 2.2318273150637813,
     "dk4_shift_pct": -7.86,
     "gamma2_shift_pct": -0.19
    },
    "camp_gyroid_f40_E200": {
     "dk4": 2.6305550800151166e-10,
     "gamma2": 1.2017908507837765,
     "dk4_shift_pct": -5.51,
     "gamma2_shift_pct": 1.97
    }
   }
  },
  "5sigma": {
   "W": 0.03789498396272751,
   "a_eff": 3.8750450349320884e-06,
   "configs": {
    "camp_rectilinear_f40_E200": {
     "dk4": 5.172887686856684e-10,
     "gamma2": 2.2360517573930507
    },
    "camp_gyroid_f40_E200": {
     "dk4": 2.784090233690887e-10,
     "gamma2": 1.1786295365630968
    }
   }
  },
  "6sigma": {
   "W": 0.04547398075527301,
   "a_eff": 4.003772833596324e-06,
   "configs": {
    "camp_rectilinear_f40_E200": {
     "dk4": 4.854607314461419e-10,
     "gamma2": 1.970102812328497,
     "dk4_shift_pct": -6.15,
     "gamma2_shift_pct": -11.89
    },
    "camp_gyroid_f40_E200": {
     "dk4": 3.320070356655306e-10,
     "gamma2": 1.3117564347513604,
     "dk4_shift_pct": 19.25,
     "gamma2_shift_pct": 11.3
    }
   }
  }
 }
}