{
 "rectilinear": {
  "op_pitch_spc": 48,
  "op_pitch_um": 52.083333333333336,
  "f_op": 0.3972800925925926,
  "var_op": 11.575070395554699,
  "f_ref": 0.4003611111111111,
  "var_ref": 11.61691597222222,
  "df_pct": -0.7695598880640087,
  "dv_pct": -0.360212441646135,
  "pass_": true
 },
 "gyroid": {
  "op_pitch_spc": 32,
  "op_pitch_um": 78.125,
  "f_op": 0.39697265625,
  "var_op": 6.168150901794434,
  "f_ref": 0.3993148148148148,
  "var_ref": 6.1790657064471874,
  "df_pct": -0.5865443699856199,
  "dv_pct": -0.1766416667387971,
  "pass_": true
 },
 "schwarzp": {
  "op_pitch_spc": 32,
  "op_pitch_um": 78.125,
  "f_op": 0.3994140625,
  "var_op": 11.00606918334961,
  "f_ref": 0.39987962962962964,
  "var_ref": 10.991279415294924,
  "df_pct": -0.1164268182554995,
  "dv_pct": 0.13455911269169007,
  "pass_": true
 },
 "diamond": {
  "op_pitch_spc": 32,
  "op_pitch_um": 78.125,
  "f_op": 0.3974609375,
  "var_op": 0.6667137145996094,
  "f_ref": 0.39996296296296296,
  "var_ref": 0.5148455418381342,
  "df_pct": -0.6255642883600365,
  "dv_pct": 29.49781253213648,
  "pass_": false
 },
 "voronoi": {
  "op_pitch_spc": 32,
  "op_pitch_um": 78.125,
  "f_op": 0.39999983045789933,
  "var_op": 2.5752255916566713,
  "f_ref": 0.4,
  "var_ref": 2.573494573313186,
  "df_pct": -4.2385525167443205e-05,
  "dv_pct": 0.06726333762021586,
  "pass_": true
 }
}